id,title
c773ff7a-8491-4e78-aa70-e0c362880067,event11
7d9c6571-4e7a-4d06-bed1-9591b0fd76d6,event12
137a1c43-e565-4e24-a664-05ce2701b1a5,event13
ea9ba272-3a4c-42ec-b8c1-a78eb43900e2,event14
69f338a0-b46e-458d-b3c9-f181a729141b,event15
5916bb5b-df9c-413d-a435-fc1161a19544,event16
b0f6a85f-0646-4a59-a366-65557e0daeb4,event17
1f5e9e2f-549b-4456-a414-da1c8e6594a5,event18
16c46162-1496-4a16-8657-7b66d718f935,event19
eb385259-88d7-4253-929a-7e8f706cdfba,event20
bf433d48-dff3-40ff-bea2-00e83d695c6f,event21
37d0e703-b748-4643-87ec-bab76b1f80fd,event22
de6e1dc6-fffd-4c1b-84d3-f679cf1dbd22,event23
a1f3509a-3bf6-4265-b850-a1e18c7e3c1b,event24
4ee9b21f-b023-4a88-95d2-b5588b8135b4,event25
b04724ef-4330-4559-9caf-2903eb18f84f,event26
c197ab6a-b3a8-41d9-9d68-d61de65e5b5b,event27
fa62ee94-1e78-428c-8fed-1daba5bc6f1f,event28
a4a7a42d-0822-4c77-8d0f-a42f37923f28,event29
135b3134-10dd-4b54-9be4-1b6abce30a7c,event30
08c95cc0-a7d0-4031-81da-7dc455051810,event31
0c9b8db0-c07b-4add-85a4-8b6d6c39f4ee,event32
9e9dae6c-8a31-4eeb-a5b2-8275b6d615d0,event33
e57c98f7-1b82-4cc8-b21b-e1b3f5575a54,event34
7a912491-70bb-41a8-b62a-28c1755aae06,event35
fe9ebd87-e101-497f-8bc7-ff6525814efc,event36
1059145b-a23a-4034-842b-b65e13791429,event37
3b106606-f422-4058-af26-c63ed77aeda9,event38
f04cde69-5fe4-4af1-b75a-56a25a72d88b,event39
06b940ab-f27a-4b99-9dac-d35d33915523,event40
